{"code": 100, "msg": "model has been successfully generated", "param": "", "model": {"type": "linear", "weight": [-0.321635432132958, 1.9393632091670663, -2.5922781438769578, -6.467914984745555, -8.583245681449204, -0.0023533784871424684, 3.4043609561237207], "bias": 0.0, "weight_lda": [-0.4408193932739307, 4.529329625678298, -3.93539831343685, -4.383375587279737, -5.389715609027096, -1.2686041221326305, 3.5928468432577048], "bias_lda": 0.04687484329766753, "weight_ridgereg": [-0.5685748814927444, 3.727495745940481, -3.3433798699976633, -1.9203848615883474, -2.8777108601686545, -0.5993904741225232, 1.9534888419507217], "bias_ridgereg": 0.0014423136097723266, "feat_min": [2.8434369210881165, 5.23192437452991, 7.076362038607187, 13.351293423247217, 7.086994170946605, 1.2986583372709624, 0.343376279180758], "feat_range": [46525.35223225864, 12644.94692039908, 5530.033256873643, 4876.678646317795, 2225.202427417395, 226.89599140950747, 463.9767469170668], "output_min": -20.593990818099368, "output_range": 22.87784601506434, "modelname": "", "modeldata": ""}}