{"model": {"type": "linear", "w_01":[0.653572580791999,0.94397513246011155,-0.95300299950919232,-0.46655561580968341,-0.838438237038057,-0.13380422745711962,0.69310609195630779],"b_01":-0.54910613150608112,"w_12":[0.086058511390785186,0.048906667077544208,-0.72332749627594684,-1.4038728273876961,-0.60255131626981817,-0.092921518084003063,0.27675060054949041],"b_12":0.041322582243895151,"w_13":[-0.15960549868839946,3.8434615775227292,-2.5851727937872244,0.4646774051550816,-0.55462290566569961,-1.5800798829983942,0.77729165803892519],"b_13":0.72388520284296243,"w_02":[0.097999048862921087,0.35807325291541303,0.59823081853073534,0.96067267136409573,0.21041797079043745,-0.086756975729197272,0.021686617573972833],"b_02":-0.31583507870328437,"w_03":[0.44717939528145445,-3.209081690615347,1.9393765707401445,-0.644593943326657,0.15172141761398217,1.6786717245993756,-0.63565349754661482],"b_03":-0.90584112484692747,"w_23":[0.16285170008551553,-2.5519771977514112,0.70489345509523282,-0.99588930887938654,-0.10586546874528696,1.5269036169761767,-0.62511352083638849],"b_23":-0.72185176955133878,"feat_mean":[366.0642,243.0611,117.7198,100.9783,55.4478,26,2541,29.4018],"feat_std":[860.7714,335.4612,142.0384,152.4097,85.0803,24.1698,22.8638],"output_zscore_mean":[-0.0814,-0.0656,0.0958],"output_zscore_std":[0.6131,1.5464,2.2562],"output_minmax_01_12_13":[-1.371,1.5259,-5.5679,1.8519,-4.3713,4.8074]}}