{"code": 100, "msg": "model has been successfully generated", "param": {"filter": {"f1": 0, "f2": 10, "order": 6, "fs": 125, "fa": [1.0, -4.061643999213436, 7.099503818750703, -6.785016025397501, 3.723019428891597, -1.1086708553435327, 0.13966004174713909], "fb": [0.00010706889742140336, 0.0006424133845284202, 0.0016060334613210504, 0.0021413779484280673, 0.0016060334613210504, 0.0006424133845284202, 0.00010706889742140336]}, "twindow": {"t1": 0, "t2": 0.8}, "chanset": [0], "dfs": 5}, "model": {"type": "linear", "weight": [0.6650238884749669, 447.1396341553393, 2468.887377685313, 3.503343510845678, -1.9201287098245563, 21.895896942785487, -12.000804436403476, 10.714285714285714], "bias": 0, "modelname": "", "modeldata": ""}}