{"code": 100, "msg": "model has been successfully generated", "param": {"filter": {"f1": 0, "f2": 10, "order": 6, "fs": 125, "fa": [1.0, -4.061643999213436, 7.099503818750703, -6.785016025397501, 3.723019428891597, -1.1086708553435327, 0.13966004174713909], "fb": [0.00010706889742140336, 0.0006424133845284202, 0.0016060334613210504, 0.0021413779484280673, 0.0016060334613210504, 0.0006424133845284202, 0.00010706889742140336]}, "twindow": {"t1": 0, "t2": 0.8}, "chanset": [0], "dfs": 5}, "model": {"type": "linear", "weight": [0.8447346320183832, 485.9852978345109, 1751.6531157735312, 0, 0, 0, 0], "bias": 0, "modelname": "", "modeldata": ""}}